Name,Slug,Collection ID,Locale ID,Item ID,Archived,Draft,Created On,Updated On,Published On,About,Tag,Approx. Date,Burner Level
Chrchlink,chrchlink,65c248ab9a21c50f8c6ce54e,6594d9fae9514696adbd6f57,65c24b9538724793d0b771f8,false,false,Tue Feb 06 2024 15:09:09 GMT+0000 (Coordinated Universal Time),Wed Feb 07 2024 05:58:27 GMT+0000 (Coordinated Universal Time),Thu Jun 12 2025 04:03:49 GMT+0000 (Coordinated Universal Time),,Directory,,Burnt (Tossed Out)
City Planning Blog (Naming?),city-planning-blog,65c248ab9a21c50f8c6ce54e,6594d9fae9514696adbd6f57,65c24a8f18e2d1256202d0d9,false,false,Tue Feb 06 2024 15:04:47 GMT+0000 (Coordinated Universal Time),Tue Feb 06 2024 15:13:50 GMT+0000 (Coordinated Universal Time),Thu Jun 12 2025 04:03:49 GMT+0000 (Coordinated Universal Time),,Blog,,Burnt (Tossed Out)
Cogitav,cogitav,65c248ab9a21c50f8c6ce54e,6594d9fae9514696adbd6f57,65c24a5f705ceb789d361fbd,false,false,Tue Feb 06 2024 15:03:59 GMT+0000 (Coordinated Universal Time),Tue Feb 06 2024 15:13:39 GMT+0000 (Coordinated Universal Time),Thu Jun 12 2025 04:03:49 GMT+0000 (Coordinated Universal Time),,,,Burnt (Tossed Out)
Copact,copact,65c248ab9a21c50f8c6ce54e,6594d9fae9514696adbd6f57,65c24b270f087e6941e660f5,false,false,Tue Feb 06 2024 15:07:19 GMT+0000 (Coordinated Universal Time),Wed Feb 07 2024 05:58:23 GMT+0000 (Coordinated Universal Time),Thu Jun 12 2025 04:03:49 GMT+0000 (Coordinated Universal Time),,App,,Burnt (Tossed Out)
Decent Soap,decent-soap,65c248ab9a21c50f8c6ce54e,6594d9fae9514696adbd6f57,65c24aefbebe1685751e87d3,false,false,Tue Feb 06 2024 15:06:23 GMT+0000 (Coordinated Universal Time),Wed Feb 07 2024 05:57:50 GMT+0000 (Coordinated Universal Time),Thu Jun 12 2025 04:03:49 GMT+0000 (Coordinated Universal Time),,Eccomerce Shop,,Burnt (Tossed Out)
FeedMe! Post,feedme-post,65c248ab9a21c50f8c6ce54e,6594d9fae9514696adbd6f57,65c24a742a218cdad758b3a1,false,false,Tue Feb 06 2024 15:04:20 GMT+0000 (Coordinated Universal Time),Tue Feb 06 2024 15:13:46 GMT+0000 (Coordinated Universal Time),Thu Jun 12 2025 04:03:49 GMT+0000 (Coordinated Universal Time),,Aggregate,,Burnt (Tossed Out)
Handiwork,handiwork,65c248ab9a21c50f8c6ce54e,6594d9fae9514696adbd6f57,65c24bed58ce22cf4f14cbe5,false,false,Tue Feb 06 2024 15:10:37 GMT+0000 (Coordinated Universal Time),Wed Feb 07 2024 05:58:34 GMT+0000 (Coordinated Universal Time),Thu Jun 12 2025 04:03:49 GMT+0000 (Coordinated Universal Time),,App,,Burnt (Tossed Out)
Harvous,harvous,65c248ab9a21c50f8c6ce54e,6594d9fae9514696adbd6f57,65c24b05adb4fa3741460736,false,false,Tue Feb 06 2024 15:06:45 GMT+0000 (Coordinated Universal Time),Wed Feb 07 2024 05:58:17 GMT+0000 (Coordinated Universal Time),Thu Jun 12 2025 04:03:49 GMT+0000 (Coordinated Universal Time),,App,,Front Burner
Hike,hike,65c248ab9a21c50f8c6ce54e,6594d9fae9514696adbd6f57,65c24ad533fbf3b0de2e5347,false,false,Tue Feb 06 2024 15:05:57 GMT+0000 (Coordinated Universal Time),Wed Feb 07 2024 05:57:27 GMT+0000 (Coordinated Universal Time),Thu Jun 12 2025 04:03:49 GMT+0000 (Coordinated Universal Time),,App,,Burnt (Tossed Out)
Lazwear,lazwear,65c248ab9a21c50f8c6ce54e,6594d9fae9514696adbd6f57,65c24ac5de1fc9cf5acfc084,false,false,Tue Feb 06 2024 15:05:41 GMT+0000 (Coordinated Universal Time),Wed Feb 07 2024 05:57:06 GMT+0000 (Coordinated Universal Time),Thu Jun 12 2025 04:03:49 GMT+0000 (Coordinated Universal Time),,Ecommerce Shop,,Back Burner
LifeNotion,lifenotion,65c248ab9a21c50f8c6ce54e,6594d9fae9514696adbd6f57,65c24a48995a56afd79d206c,false,false,Tue Feb 06 2024 15:03:36 GMT+0000 (Coordinated Universal Time),Tue Feb 06 2024 15:13:30 GMT+0000 (Coordinated Universal Time),Thu Jun 12 2025 04:03:49 GMT+0000 (Coordinated Universal Time),,Blog,,Burnt (Tossed Out)
Lilo Loved,lilo-loved,65c248ab9a21c50f8c6ce54e,6594d9fae9514696adbd6f57,65c24aebdd3187484e660e92,false,false,Tue Feb 06 2024 15:06:18 GMT+0000 (Coordinated Universal Time),Wed Feb 07 2024 05:57:42 GMT+0000 (Coordinated Universal Time),Thu Jun 12 2025 04:03:49 GMT+0000 (Coordinated Universal Time),,Eccomerce Shop,,Burnt (Tossed Out)
Little Sea & Me,littleseaandme,65c248ab9a21c50f8c6ce54e,6594d9fae9514696adbd6f57,65c24afaefffbfbdfe232cb4,false,false,Tue Feb 06 2024 15:06:34 GMT+0000 (Coordinated Universal Time),Wed Feb 07 2024 05:58:10 GMT+0000 (Coordinated Universal Time),Thu Jun 12 2025 04:03:49 GMT+0000 (Coordinated Universal Time),,Children Toys & Education,,Burnt (Tossed Out)
Made in DSM,made-in-dsm,65c248ab9a21c50f8c6ce54e,6594d9fae9514696adbd6f57,65c24abb8909e7e66a728d78,false,false,Tue Feb 06 2024 15:05:31 GMT+0000 (Coordinated Universal Time),Wed Feb 07 2024 05:56:56 GMT+0000 (Coordinated Universal Time),Thu Jun 12 2025 04:03:49 GMT+0000 (Coordinated Universal Time),,Blog,,Burnt (Tossed Out)
Ministry Supply Co,ministry-supply-co,65c248ab9a21c50f8c6ce54e,6594d9fae9514696adbd6f57,65c24d1c18e2d12562043c24,false,false,Tue Feb 06 2024 15:15:40 GMT+0000 (Coordinated Universal Time),Wed Feb 07 2024 05:58:47 GMT+0000 (Coordinated Universal Time),Thu Jun 12 2025 04:03:49 GMT+0000 (Coordinated Universal Time),,Service,,Front Burner
Neighbormade,neighbormade,65c248ab9a21c50f8c6ce54e,6594d9fae9514696adbd6f57,65c24ad0aac98e053fbecea2,false,false,Tue Feb 06 2024 15:05:52 GMT+0000 (Coordinated Universal Time),Wed Feb 07 2024 05:57:24 GMT+0000 (Coordinated Universal Time),Thu Jun 12 2025 04:03:49 GMT+0000 (Coordinated Universal Time),,App,,Burnt (Tossed Out)
Perch,perch,65c248ab9a21c50f8c6ce54e,6594d9fae9514696adbd6f57,65c24b143c27cba89dbdd18f,false,false,Tue Feb 06 2024 15:07:00 GMT+0000 (Coordinated Universal Time),Wed Feb 07 2024 05:58:20 GMT+0000 (Coordinated Universal Time),Thu Jun 12 2025 04:03:49 GMT+0000 (Coordinated Universal Time),,App,,Back Burner
Resimplify,resimplify,65c248ab9a21c50f8c6ce54e,6594d9fae9514696adbd6f57,65c249d33287189a1d88fe30,false,false,Tue Feb 06 2024 15:01:39 GMT+0000 (Coordinated Universal Time),Tue Feb 06 2024 15:03:16 GMT+0000 (Coordinated Universal Time),Thu Jun 12 2025 04:03:49 GMT+0000 (Coordinated Universal Time),,Blog,,Burnt (Tossed Out)
Scio7,scio7,65c248ab9a21c50f8c6ce54e,6594d9fae9514696adbd6f57,65c24a5537ca1c3ef678e0ad,false,false,Tue Feb 06 2024 15:03:49 GMT+0000 (Coordinated Universal Time),Tue Feb 06 2024 15:13:35 GMT+0000 (Coordinated Universal Time),Thu Jun 12 2025 04:03:49 GMT+0000 (Coordinated Universal Time),,Podcast Network,,Burnt (Tossed Out)
Shift Pace Drive,shift-pace-drive,65c248ab9a21c50f8c6ce54e,6594d9fae9514696adbd6f57,65c24aca0f087e6941e62daa,false,false,Tue Feb 06 2024 15:05:46 GMT+0000 (Coordinated Universal Time),Wed Feb 07 2024 05:57:17 GMT+0000 (Coordinated Universal Time),Thu Jun 12 2025 04:03:49 GMT+0000 (Coordinated Universal Time),,Blog,,Back Burner
Sparrow,sparrow,65c248ab9a21c50f8c6ce54e,6594d9fae9514696adbd6f57,65c24b9dbca3dd9749041a14,false,false,Tue Feb 06 2024 15:09:17 GMT+0000 (Coordinated Universal Time),Wed Feb 07 2024 05:58:31 GMT+0000 (Coordinated Universal Time),Thu Jun 12 2025 04:03:49 GMT+0000 (Coordinated Universal Time),,Education,,Burnt (Tossed Out)
UniqueBlog,uniqueblog,65c248ab9a21c50f8c6ce54e,6594d9fae9514696adbd6f57,65c24a4012c57f883abf53b9,false,false,Tue Feb 06 2024 15:03:28 GMT+0000 (Coordinated Universal Time),Tue Feb 06 2024 15:13:25 GMT+0000 (Coordinated Universal Time),Thu Jun 12 2025 04:03:49 GMT+0000 (Coordinated Universal Time),,Blog,,Burnt (Tossed Out)
